feature,importance
time,0.45338676792558047
serum_creatinine,0.16025687583475315
ejection_fraction,0.13800817465955237
age,0.06638436822438165
creatinine_phosphokinase,0.055102636606117354
platelets,0.051103225300180154
serum_sodium,0.04493115139113552
high_blood_pressure,0.007912917609298362
sex,0.006537995584301954
smoking,0.005650755850830672
diabetes,0.00560771901893872
anaemia,0.005117411994929731
